0xF23F5D21e1669fa0f09153ae45d547fe20dCFD4a,1
0x4152c497847486c19C0491644c88e927AD0c8D95,1
0x1190DdcB26f38097fd8652082CB7fA283bB3ED94,1
0xb23A5596f4AadC143Ea20f5F3862B4235A1ADA1f,1
0x2628f30d56842E38D19C425ef41c3C13cBA5A756,1
0xb50B8FEb1A3879BDBc5Bbe45D3cAaFe892Bc4484,1
0x073B846439547284f490aE27669E085358c658aE,1
0x7ed6174593d80A17bB9CC6CF2ec6d1e0c126fD79,1
0xa2696250b6a122A9EbDDc39E0699a4Dc0c4bD9Fd,1
0x8C8c9e1E79f790Ec88da25fCa59509E4910FEB67,1
0x1a24F979922cb84CDEbEAfe018a42cB21341E6Ef,1
0xA43196B11a4F5C2EBa3632E18C127bf12E0eF34e,1
0x66816394dF5f69E8B66d5B1e95B0b2F27396e571,1
0x3a37BF9c4880490d22c746167974C41416aFb150,1
0x54b3c8790d8F554Ab71AC201CBE329C8db81010C,1
0x9974D482e06CEc7d872526d5a1CaD6B19d7eE8C1,1
0x3B15bA1D6AA1E11Aa2c99A70ec728124a30F9dbb,1
0x4379F60530Aa805EFba1188ec2b7e01F1D7eA603,1
0xCf545525C1f3995493dd5Ff1d4371175855702A4,1
0xBA9Dd522ad43AC423F802Ef8D60BaCA71A2C237B,1
0x2b2b39f103523cB8DF31F4Ae621EBc4F5efff730,1
0x5FFDfAAafE9d8c87df1dd6b4255e223c01Cf5F02,1
0x13Dc8A9F519dAc9616879cE194c3e54678C68F14,1
0xd3BE501F8566f47a377DB4E15B5560a3c7837348,1
0x0af0412AC0c56A24438e7b19a2C454F96D3Ec8c6,1
0xA0DEE0CF555CE114bA4bA24dCc6d891ae808A5f6,1
0x5D07d8141d6486ca3eE8611822FB181c6fd6860D,1
0x639C2E7ae0266DEe6671CCfd27398aB66609f866,1
0x91107952d9bf6feb7789EcEa379C3bD6e7078042,1
0x2f50E0c6a944Cf7dcF372976E530064513b53768,1
0x5aA8FCd555e7b0e6840D60D007cb75F78C09B3DE,1
0x0B502b3Ba5A0dE0F7f395dbB96E8041C71021169,1
0xa980689b86ecF5CB0FaaB35A48B5C93983Bae06D,1
0x6adfc0072837f4316e10227b035100a8deeb7cb3,1
0x20505e1CF0508A19a4f13020B75fe16e6791b9c7,1
0xf1c183191985efAF51B5E0d6a8031739A8540bbf,1
0xE860A18fbb706daF1ab6b6f1BDd37cBc766a4b29,1
0xa72DFD057150E4F5405cad927307CCE23898C0E8,1
0x7616e21EB9Bdf7Ef3a63cA3049fDbbF73B93d818,1
0xfa25A191421BB6Fab2c7e63D760924780aEfD2A6,1
0x1d629D4BE27595860C57cd7057b67dC442d82AA7,1
0xdE1374b1364fC3aEa62830Ef53c270c51CF5f9b6,1
0xfA37FD315262dFF6e67305a731AA3E9a34F86475,1
0x692efc43ec7c5532328Cba0e6f44D1D8B1eB3B52,1
0x530C26635BcbEa4BabA684FD409522D778da9463,1
0x82a269C4831b7332115C15F978CB21918a0Dad6b,1
0x206E77dbA5cBCaA4E6531677A7d0BD46e798D4B5,1
0x0600ca81eB7f1ee1Ce09F9D34817d9DC007B95Fd,1
0x8dD573B38feb5230100A158BAa11b108580a8822,1
0x83518c7538f3F57530BF6A8cD0D9115e5A042d51,1
0x33209a0aF8ba944607D140C58741D37e7A616d53,1
0x6e9D5D74f403073C21E81216996a152E56bB4d7A,1
0x6acd17121EFc92E56BEf29d4107173CBB4d1a165,1
0x7FfDA1de0Fa14B7026FBf3cDBD58CE08B3B166ED,1
0x28064f8347572a06682a0EcBA6262398b1865666,1
0xAb4e7384B90C4c6627f22295249f95458Eb7b52B,1
0x83447B9819DF8ABe428F3E9013F88392AcE82A46,1
0x94c3a63EFCBa43e665b1db8fB47Eb9Ac80f2D53F,1
0x9Ef9b5FfCE746642EBB09c2CF5F75b855148e22d,1
0x20f64c589C98039d49aEE0A09274b1bE34D644e2,1
0x2ab2690D0486015920E5BCE86dC671C8189e74Eb,1
0x2a81Ab37534478169aAC380ADE8E5AEEaB273E51,1
0x58A3528044cF50d147C926744e71e745Dce8dFfd,1
0x33a60139744dc2C0c0c91F6c59b1CD6A9d21e3d5,1
0x95a128C9F4F466BE2140342e8340AF37268d535B,1
0x878ae8f184EA32f4Ed3269fD6FCb727f80B2e0Aa,1
0x2af2e503771eA675caa00D17244ca61fF29c917C,1
0x812AD9422BE93Afaa9aAB342cb79086E918F0c0c,1
0x9B7516D8b3838d78FDd3c1a0f7b6fA6f11A384C9,1
0x9D2A8CB80c37cA043Bdabf9f01B50558F0721f37,1
0xF0cb3B090596BbE3F6F37b54a6536c9AfDC713B6,1
0x3561f2b1d8d4858A44425f44C1af669f5c7e47F0,1
0x084A342f46AC4aae5D6cEA85BcCabDE1B4A2Dc7b,2
0xFB5F92E23AfbF4096f05a6b2b7Bc0d3073Dd4ca7,2
0xbB3AAc0E153c3bd81a1335F3F45E816c3c36Dcc5,2
0xA05034716280a35f89398A6a325fcf12DA587326,2
0xbD01a4eB4EFf31b5b92a08BbA91cFFb9FDeAA70F,2
0x9423341bca62F3C19EDBcfEbc3BB493CF30d56d1,2
0x5375aE7Be46C23b79Bc81927b2e8085A9FD73f60,2
0x1967BD75f1c79BF472B5aD35B4186F9216B64f64,2
0x6Bf9e75cd1CE1D3e1F047bD3455E760Dd2B75308,2
0x567Aa3713D41c46753b06Aae1A5540B88dAcCDeE,2
0x41CE82b9054a03065fa9e1D3B5a10A4A450d8b8C,2
0xA99251a9aAcf869000a59713528b6075FCA52f9e,2
0x870Df7bADd96572aeE61c72695FE525A4811Ef5B,2
0xf084960a05d7791fef5c8581af610C7FD97ADA65,2
0x201c644235CFa3A610d36b360DEb297e6daB641B,2
0xece53dFd8Ff0cE7A3c17D75ff5bcF88A9634D03E,2
0x349a4F2B817cE2Ef7E085632Ab3E7f6c510B78Dc,2
0xE4314E4df335e55bD0AC5CCcA7edA9D3AfEf95Eb,2
0x15845F94F7E6a4e1f5D60FCD954926c0Fa3a7e10,2
0xfd8690887Ef1E2f009BDF07125b19414fcB3C6f4,2
0x89514252F3368A10e4290dC9Bd28Acb3C7BF512c,2
0xE4bbcDBf149BCf9b86A453E4814FD30e3Bf19fEc,2
0x799aaDb57254df78eE67848FeC90eb86902aD24e,2
0x48BC5fF62891392550cc9bCA6Bd628953e36Ac46,2
0x9d2ae5Cc01E4731FeAfb7Cc992576c0B25269163,2
0x608dfD24EcEF3CE694c804712C7b893aF02BA0d7,2
0x894f5A95BE20863421102A2975F5CEa63B8eFf76,2
0x4574F627efe3e772e9e917BE64597386F3c75d72,2
0xF4DeB333921FEEED9dD93987a72B486De7143387,2
0x3e103A393598E4C5AcFD867BC23d97a7B1A1870a,2
0x3E7fE4BF6d1d6AAF3c01082a6d42cF6b0aAE0443,2
0x555B202A5B5497fEC0AA26bd316c729F619EAD70,2
0x162cC991Cb266a4e617d9a756cd9900074F76Cfa,2
0x90ccF62CAc68F158B2F12b98e51F0A879b6CD60e,2
0x82a03Cc654c769aaC6b4173F9100dd0dC17994D3,2
0x0341142b98BF7E457836aA33964555B593F3f92e,2
0x6de5189078F2533F14287dFD4a619DACf659edFf,2
0x07B0D3eE38879976E6f49256C8D9888d4B539587,3
0xF0fCcc6572b56DAd75C24D7f1beee0c2F4D878CA,3
0x74245a8f6fa2c176ab38fE70a85F7CcaEAec1056,3
0xc7fe99B8928f9e90090b57647c352e0Ca64899dB,3
0x280dB4e15b6d5582Bd2731670b31615e8a90a35C,3
0x427ca09003B5b772588E949f44a64918a25a6f9B,3
0x64ec66347B1E8F8110f38bdd002b96BD1F323477,4
0x32b704414BDd371AFe9C52db1996BFA85B8Da20C,5
0x86091845BEcb13DcA0160E380aA4dea95311eCe0,5
0xAD794aeBc31a3fBCb0CCf47663CE330ed597A73d,5
0x76d540e9D94284ba9f827F02ac32fEadbB79f2A1,5
0x1A79cb949b7DDC89ecBb1e8B6872a62f2071e50b,5
0x3deDfD2Ea25Fe732426bCCE2CFd5BDf219054A55,5
0x5a4f5c32dAe68D7F509F4Ec3453214e5a49b4748,5
0x3195453686a154a7D4B88e80354199AcdE4e3CAF,5
0xf83e5F285d9B8fc66F42418bcca46e66cA95faf8,5
0x3d508B1eE228661d481310436bb4E14Ff55D8Afd,5
0x0225FAeC253316b7D2cF9FB77028d087E4d6a9d4,5
0xC6da681413b041b475AaD905D7724AeBB48f6DCe,5
0x9865A92EcEd758635D270A27A6c3a7369e3c3412,5
0x012a02cAb0642a5353DACCc2256466795F0076d4,6
 0x80d4717463FB2D9a7de3d9F281Dc2b8bBa95337a,10
0xF5b5817fe085B12dCD0dAF7ED61FBcEb7Fef28e7,10
0x56Ab643E7D2C5cE8183CD2F2Eb215Dd4881e638B,10
0x4f8D4215ED0b791718C2C58b2f918040ACA5Aeb6,10
0x95dFBDA020A243D000F68e5f0E44f9860F75aD95,10
0x38b0A756dEE3AF50F055Da4D7D07CF1A2EcA03bd,10
0x50Cf2f98C9287A9Ea77Eaf9326435b16657eC761,10
0x5C4A1D14E10666892Cb9fDC6a8C41C9838693bc0,10
0x25324723d0483a4d07caAd4B1b2883F5eBFD3f49,10
0x73844ea38862330E234E2D9407a070e31f32604d,10
0xA00c37e504d92B2507d331bd2589d8e66539Cd3A,10
0x5Ddfa3912153E4C03d74FB00512980286F33E7cf,10
0xEE856f5391327a94965Dd7df737d067A55A565bA,10
0x0A55D0Bb43B9976221347E248101FCF00dF9eFBA,10
0x613B2111984277A6f73Bd7E0d1C8F2b13bf26be7,10
0xFcD953B7Fa9637f78b977E6Fb3367F7a03689fC1,10
0xc8c061cc23abcb0d5fa8c55546c8eef39aa3881b,10
0xAD6e963E587e0Fd4E31684f09EC87CA94A059acb,11
0xE785aF1963aab772Ea243cDD6E8E3Ad41bEc7709,11
0x55672eA407E0fEABCA07c7025501438F3AA0Eb49,11